Field,ID,Type (種類),default,ja,en,de,ko,vi,zh-cn,zh-tw,hi,ms,id,pt-BR
Description,2,テキスト,,"WindowTranslator は、PC 上で動作するゲームやアプリの画面テキストをそのまま読み取り、訳文をオーバーレイ表示する Windows 向けの翻訳ツールです。対象のウィンドウを選ぶだけで、プレイ中・作業中の体験を壊さずに翻訳結果を重ねて表示できます。

DeepL や Gemini など、お好みの翻訳エンジンを選んで利用でき、必要に応じて OCR（画面文字の自動認識）も連携。複雑な設定なしに、ゲームの UI やダイアログ、ブラウザーやドキュメントなど、アプリを問わず幅広く扱えます。","WindowTranslator is a Windows translation tool that reads screen text from games and apps running on your PC and overlays the translation directly. Just select the target window to display translations without disrupting your gameplay or work experience.

You can choose your preferred translation engine, such as DeepL or Gemini, and optionally use OCR (automatic text recognition). With no complicated setup, it works broadly with game UIs, dialogs, browsers, documents, and more, regardless of the app.","WindowTranslator ist ein Übersetzungstool für Windows, das Bildschirmtexte von Spielen und Anwendungen direkt ausliest und die Übersetzung als Overlay anzeigt. Wählen Sie einfach das gewünschte Fenster aus, um Übersetzungen anzuzeigen, ohne Ihr Spielerlebnis oder Ihre Arbeit zu stören.

Sie können Ihren bevorzugten Übersetzungsdienst wie DeepL oder Gemini auswählen und bei Bedarf OCR (automatische Texterkennung) nutzen. Ohne komplizierte Einstellungen funktioniert es mit Spiel-UIs, Dialogen, Browsern, Dokumenten und mehr, unabhängig von der Anwendung.","WindowTranslator는 PC에서 실행되는 게임이나 앱의 화면 텍스트를 직접 읽어 번역문을 오버레이로 표시하는 Windows용 번역 도구입니다. 대상 창을 선택하기만 하면 플레이나 작업 중 경험을 방해하지 않고 번역 결과를 겹쳐서 보여줍니다.

DeepL, Gemini 등 원하는 번역 엔진을 선택해 사용할 수 있으며, 필요에 따라 OCR(화면 문자 자동 인식)도 연동됩니다. 복잡한 설정 없이 게임 UI, 대화창, 브라우저, 문서 등 다양한 앱에서 폭넓게 사용할 수 있습니다.","WindowTranslator là công cụ dịch dành cho Windows, đọc trực tiếp văn bản trên màn hình từ các trò chơi và ứng dụng chạy trên PC, sau đó hiển thị bản dịch dưới dạng lớp phủ. Chỉ cần chọn cửa sổ mục tiêu để hiển thị kết quả dịch mà không làm gián đoạn trải nghiệm chơi game hoặc làm việc của bạn.

Bạn có thể chọn công cụ dịch yêu thích như DeepL hoặc Gemini, và tùy chọn sử dụng OCR (nhận dạng ký tự tự động). Không cần cài đặt phức tạp, công cụ này hoạt động rộng rãi với giao diện trò chơi, hộp thoại, trình duyệt, tài liệu và nhiều ứng dụng khác.","WindowTranslator 是一款适用于 Windows 的翻译工具，可直接读取在 PC 上运行的游戏和应用程序的屏幕文本，并将译文以叠加方式显示。只需选择目标窗口，即可在不影响游戏或工作的情况下显示翻译结果。

您可以选择 DeepL、Gemini 等喜欢的翻译引擎，并可根据需要联动 OCR（自动识别屏幕文字）。无需复杂设置，广泛适用于游戏 UI、对话框、浏览器、文档等各种应用。","WindowTranslator 是一款適用於 Windows 的翻譯工具，可直接讀取在 PC 上運行的遊戲和應用程式的螢幕文字，並將譯文以疊加方式顯示。只需選擇目標視窗，即可在不影響遊戲或工作的情況下顯示翻譯結果。

您可以選擇 DeepL、Gemini 等喜愛的翻譯引擎，並可根據需要聯動 OCR（自動識別螢幕文字）。無需複雜設定，廣泛適用於遊戲 UI、對話框、瀏覽器、文件等各種應用。","WindowTranslator एक Windows अनुवाद उपकरण है जो आपके PC पर चल रहे गेम और ऐप्स से स्क्रीन टेक्स्ट को सीधे पढ़ता है और अनुवाद को ओवरले के रूप में प्रदर्शित करता है। केवल लक्ष्य विंडो का चयन करें और अपने गेमप्ले या कार्य अनुभव को बाधित किए बिना अनुवाद परिणामों को प्रदर्शित करें।

आप DeepL या Gemini जैसे अपनी पसंदीदा अनुवाद इंजन का चयन कर सकते हैं, और आवश्यकतानुसार OCR (स्वचालित टेक्स्ट पहचान) का उपयोग कर सकते हैं। बिना जटिल सेटअप के, यह गेम UI, डायलॉग, ब्राउज़र, दस्तावेज़ और अधिक के साथ व्यापक रूप से काम करता है, चाहे ऐप कोई भी हो।","WindowTranslator adalah alat terjemahan untuk Windows yang membaca teks layar dari game dan aplikasi yang berjalan di PC Anda dan menampilkan terjemahan secara langsung sebagai hamparan. Cukup pilih jendela target untuk menampilkan hasil terjemahan tanpa mengganggu pengalaman bermain atau bekerja Anda.

Anda dapat memilih mesin terjemahan pilihan seperti DeepL atau Gemini, dan opsional menggunakan OCR (pengenalan teks otomatis). Tanpa pengaturan rumit, alat ini bekerja luas dengan UI game, dialog, browser, dokumen, dan banyak lagi, terlepas dari aplikasinya.","WindowTranslator ialah alat terjemahan untuk Windows yang membaca teks skrin dari permainan dan aplikasi yang berjalan di PC anda dan memaparkan terjemahan secara terus sebagai hamparan. Hanya pilih tetingkap sasaran untuk memaparkan hasil terjemahan tanpa mengganggu pengalaman bermain atau bekerja anda.

Anda boleh memilih enjin terjemahan pilihan seperti DeepL atau Gemini, dan secara pilihan menggunakan OCR (pengecaman teks automatik). Tanpa tetapan yang rumit, alat ini berfungsi secara meluas dengan UI permainan, dialog, pelayar, dokumen, dan banyak lagi, tanpa mengira aplikasinya.","WindowTranslator é uma ferramenta de tradução para Windows que lê texto da tela de jogos e aplicativos executados no seu PC e sobrepõe a tradução diretamente. Basta selecionar a janela de destino para exibir traduções sem interromper sua experiência de jogo ou trabalho.

Você pode escolher seu mecanismo de tradução preferido, como DeepL ou Gemini, e opcionalmente usar OCR (reconhecimento automático de texto). Sem configuração complicada, funciona amplamente com interfaces de jogos, diálogos, navegadores, documentos e muito mais, independentemente do aplicativo."
ReleaseNotes,3,テキスト,,,,,,,,,,,,
Title,4,テキスト,,WindowTranslator,WindowTranslator,WindowTranslator,WindowTranslator,WindowTranslator,WindowTranslator,WindowTranslator,WindowTranslator,WindowTranslator,WindowTranslator,WindowTranslator
ShortTitle,5,テキスト,,,,,,,,,,,,
SortTitle,6,テキスト,,,,,,,,,,,,
VoiceTitle,7,テキスト,,,,,,,,,,,,
ShortDescription,8,テキスト,,WindowTranslator は、PCゲームやアプリのテキストをOCRで読み取り、DeepL/Googleなどで翻訳、訳文を画面に重ねて表示するツールです。セットアップ簡単、低遅延。ホットキー・プロファイル・表示調整対応。,"WindowTranslator reads text from PC games and apps using OCR, translates it with DeepL/Google, and overlays the translation on the screen. Easy setup, low latency. Supports hotkeys, profiles, and display adjustments.","WindowTranslator liest Texte aus PC-Spielen und Apps per OCR aus, übersetzt sie mit DeepL/Google und zeigt die Übersetzung als Overlay auf dem Bildschirm an. Einfache Einrichtung, geringe Latenz. Unterstützt Hotkeys, Profile und Anzeigeanpassungen.","WindowTranslator는 PC 게임과 앱의 텍스트를 OCR로 읽어 DeepL/Google로 번역하고, 번역문을 화면에 오버레이로 표시합니다. 간편한 설정, 저지연. 핫키, 프로필, 표시 조정 지원.","WindowTranslator đọc văn bản từ trò chơi và ứng dụng PC bằng OCR, dịch bằng DeepL/Google và hiển thị bản dịch trên màn hình. Cài đặt dễ dàng, độ trễ thấp. Hỗ trợ phím tắt, hồ sơ và điều chỉnh hiển thị.",WindowTranslator 通过 OCR 读取 PC 游戏和应用的文本，使用 DeepL/Google 翻译，并将译文叠加显示在屏幕上。设置简单，低延迟。支持热键、配置文件和显示调整。,WindowTranslator 透過 OCR 讀取 PC 遊戲和應用程式的文字，使用 DeepL/Google 翻譯，並將譯文疊加顯示於螢幕。設定簡單，低延遲。支援熱鍵、設定檔及顯示調整。,"WindowTranslator एक टूल है जो OCR के साथ PC गेम और ऐप्स के टेक्स्ट को पढ़ता है, DeepL/Google आदि के साथ अनुवाद करता है, और अनुवादित टेक्स्ट को स्क्रीन पर ओवरले करता है। सेटअप आसान, कम विलंब। हॉटकी, प्रोफाइल और डिस्प्ले समायोजन समर्थित।","WindowTranslator membaca teks dari game dan aplikasi PC menggunakan OCR, menerjemahkannya dengan DeepL/Google, dan menampilkan terjemahan pada layar. Pengaturan mudah, latensi rendah. Mendukung hotkey, profil, dan penyesuaian tampilan.","WindowTranslator membaca teks dari permainan dan aplikasi PC menggunakan OCR, menterjemahkannya dengan DeepL/Google, dan memaparkan terjemahan pada skrin. Tetapan mudah, kependaman rendah. Menyokong kekunci panas, profil, dan pelarasan paparan.","WindowTranslator lê textos de jogos e aplicativos de PC usando OCR, traduz com DeepL/Google e sobrepõe a tradução na tela. Configuração fácil, baixa latência. Suporta teclas de atalho, perfis e ajustes de exibição."
DevStudio,9,テキスト,,StudioFreesia,StudioFreesia,StudioFreesia,StudioFreesia,StudioFreesia,StudioFreesia,StudioFreesia,StudioFreesia,StudioFreesia,StudioFreesia,StudioFreesia
CopyrightTrademarkInformation,12,テキスト,,,,,,,,,,,,
AdditionalLicenseTerms,13,テキスト,,,,,,,,,,,,
DesktopScreenshot1,100,相対パス (またはパートナー センターにあるファイルへの URL),,https://developer.microsoft.com/en-us/dashboard/apps/9PJD2FDZQXM3/submissions/1152921505699903160/listings/1152922700022069162/listingassets/3067428241962855085,https://developer.microsoft.com/en-us/dashboard/apps/9PJD2FDZQXM3/submissions/1152921505699903160/listings/1152922700022069164/listingassets/3067428241962855085,https://developer.microsoft.com/en-us/dashboard/apps/9PJD2FDZQXM3/submissions/1152921505699903160/listings/1152922700022069166/listingassets/3067428241962855085,https://developer.microsoft.com/en-us/dashboard/apps/9PJD2FDZQXM3/submissions/1152921505699903160/listings/1152922700022069168/listingassets/3067428241962855085,https://developer.microsoft.com/en-us/dashboard/apps/9PJD2FDZQXM3/submissions/1152921505699903160/listings/1152922700022069170/listingassets/3067428241962855085,https://developer.microsoft.com/en-us/dashboard/apps/9PJD2FDZQXM3/submissions/1152921505699903160/listings/1152922700022069172/listingassets/3067428241962855085,https://developer.microsoft.com/en-us/dashboard/apps/9PJD2FDZQXM3/submissions/1152921505699903160/listings/1152922700022069174/listingassets/3067428241962855085,https://developer.microsoft.com/en-us/dashboard/apps/9PJD2FDZQXM3/submissions/1152921505699903160/listings/1152922700022069162/listingassets/3067428241962855085,https://developer.microsoft.com/en-us/dashboard/apps/9PJD2FDZQXM3/submissions/1152921505699903160/listings/1152922700022069162/listingassets/3067428241962855085,https://developer.microsoft.com/en-us/dashboard/apps/9PJD2FDZQXM3/submissions/1152921505699903160/listings/1152922700022069162/listingassets/3067428241962855085,https://developer.microsoft.com/en-us/dashboard/apps/9PJD2FDZQXM3/submissions/1152921505699903160/listings/1152922700022069162/listingassets/3067428241962855085
DesktopScreenshot2,101,相対パス (またはパートナー センターにあるファイルへの URL),,https://developer.microsoft.com/en-us/dashboard/apps/9PJD2FDZQXM3/submissions/1152921505699903160/listings/1152922700022069162/listingassets/3029548867095727161,https://developer.microsoft.com/en-us/dashboard/apps/9PJD2FDZQXM3/submissions/1152921505699903160/listings/1152922700022069162/listingassets/3029548867095727161,https://developer.microsoft.com/en-us/dashboard/apps/9PJD2FDZQXM3/submissions/1152921505699903160/listings/1152922700022069162/listingassets/3029548867095727161,https://developer.microsoft.com/en-us/dashboard/apps/9PJD2FDZQXM3/submissions/1152921505699903160/listings/1152922700022069162/listingassets/3029548867095727161,https://developer.microsoft.com/en-us/dashboard/apps/9PJD2FDZQXM3/submissions/1152921505699903160/listings/1152922700022069162/listingassets/3029548867095727161,https://developer.microsoft.com/en-us/dashboard/apps/9PJD2FDZQXM3/submissions/1152921505699903160/listings/1152922700022069162/listingassets/3029548867095727161,https://developer.microsoft.com/en-us/dashboard/apps/9PJD2FDZQXM3/submissions/1152921505699903160/listings/1152922700022069162/listingassets/3029548867095727161,https://developer.microsoft.com/en-us/dashboard/apps/9PJD2FDZQXM3/submissions/1152921505699903160/listings/1152922700022069162/listingassets/3029548867095727161,https://developer.microsoft.com/en-us/dashboard/apps/9PJD2FDZQXM3/submissions/1152921505699903160/listings/1152922700022069162/listingassets/3029548867095727161,https://developer.microsoft.com/en-us/dashboard/apps/9PJD2FDZQXM3/submissions/1152921505699903160/listings/1152922700022069162/listingassets/3029548867095727161,https://developer.microsoft.com/en-us/dashboard/apps/9PJD2FDZQXM3/submissions/1152921505699903160/listings/1152922700022069162/listingassets/3029548867095727161
DesktopScreenshot3,102,相対パス (またはパートナー センターにあるファイルへの URL),,https://developer.microsoft.com/en-us/dashboard/apps/9PJD2FDZQXM3/submissions/1152921505699903160/listings/1152922700022069162/listingassets/3046338789428813803,https://developer.microsoft.com/en-us/dashboard/apps/9PJD2FDZQXM3/submissions/1152921505699903160/listings/1152922700022069162/listingassets/3046338789428813803,https://developer.microsoft.com/en-us/dashboard/apps/9PJD2FDZQXM3/submissions/1152921505699903160/listings/1152922700022069162/listingassets/3046338789428813803,https://developer.microsoft.com/en-us/dashboard/apps/9PJD2FDZQXM3/submissions/1152921505699903160/listings/1152922700022069162/listingassets/3046338789428813803,https://developer.microsoft.com/en-us/dashboard/apps/9PJD2FDZQXM3/submissions/1152921505699903160/listings/1152922700022069162/listingassets/3046338789428813803,https://developer.microsoft.com/en-us/dashboard/apps/9PJD2FDZQXM3/submissions/1152921505699903160/listings/1152922700022069162/listingassets/3046338789428813803,https://developer.microsoft.com/en-us/dashboard/apps/9PJD2FDZQXM3/submissions/1152921505699903160/listings/1152922700022069162/listingassets/3046338789428813803,https://developer.microsoft.com/en-us/dashboard/apps/9PJD2FDZQXM3/submissions/1152921505699903160/listings/1152922700022069162/listingassets/3046338789428813803,https://developer.microsoft.com/en-us/dashboard/apps/9PJD2FDZQXM3/submissions/1152921505699903160/listings/1152922700022069162/listingassets/3046338789428813803,https://developer.microsoft.com/en-us/dashboard/apps/9PJD2FDZQXM3/submissions/1152921505699903160/listings/1152922700022069162/listingassets/3046338789428813803,https://developer.microsoft.com/en-us/dashboard/apps/9PJD2FDZQXM3/submissions/1152921505699903160/listings/1152922700022069162/listingassets/3046338789428813803
DesktopScreenshot4,103,相対パス (またはパートナー センターにあるファイルへの URL),,https://developer.microsoft.com/en-us/dashboard/apps/9PJD2FDZQXM3/submissions/1152921505699903160/listings/1152922700022069162/listingassets/3048694499515620423,https://developer.microsoft.com/en-us/dashboard/apps/9PJD2FDZQXM3/submissions/1152921505699903160/listings/1152922700022069162/listingassets/3048694499515620423,https://developer.microsoft.com/en-us/dashboard/apps/9PJD2FDZQXM3/submissions/1152921505699903160/listings/1152922700022069162/listingassets/3048694499515620423,https://developer.microsoft.com/en-us/dashboard/apps/9PJD2FDZQXM3/submissions/1152921505699903160/listings/1152922700022069162/listingassets/3048694499515620423,https://developer.microsoft.com/en-us/dashboard/apps/9PJD2FDZQXM3/submissions/1152921505699903160/listings/1152922700022069162/listingassets/3048694499515620423,https://developer.microsoft.com/en-us/dashboard/apps/9PJD2FDZQXM3/submissions/1152921505699903160/listings/1152922700022069162/listingassets/3048694499515620423,https://developer.microsoft.com/en-us/dashboard/apps/9PJD2FDZQXM3/submissions/1152921505699903160/listings/1152922700022069162/listingassets/3048694499515620423,https://developer.microsoft.com/en-us/dashboard/apps/9PJD2FDZQXM3/submissions/1152921505699903160/listings/1152922700022069162/listingassets/3048694499515620423,https://developer.microsoft.com/en-us/dashboard/apps/9PJD2FDZQXM3/submissions/1152921505699903160/listings/1152922700022069162/listingassets/3048694499515620423,https://developer.microsoft.com/en-us/dashboard/apps/9PJD2FDZQXM3/submissions/1152921505699903160/listings/1152922700022069162/listingassets/3048694499515620423,https://developer.microsoft.com/en-us/dashboard/apps/9PJD2FDZQXM3/submissions/1152921505699903160/listings/1152922700022069162/listingassets/3048694499515620423
DesktopScreenshot5,104,相対パス (またはパートナー センターにあるファイルへの URL),,,,,,,,,,,,
DesktopScreenshot6,105,相対パス (またはパートナー センターにあるファイルへの URL),,,,,,,,,,,,
DesktopScreenshot7,106,相対パス (またはパートナー センターにあるファイルへの URL),,,,,,,,,,,,
DesktopScreenshot8,107,相対パス (またはパートナー センターにあるファイルへの URL),,,,,,,,,,,,
DesktopScreenshot9,108,相対パス (またはパートナー センターにあるファイルへの URL),,,,,,,,,,,,
DesktopScreenshot10,109,相対パス (またはパートナー センターにあるファイルへの URL),,,,,,,,,,,,
DesktopScreenshot11,110,相対パス (またはパートナー センターにあるファイルへの URL),,,,,,,,,,,,
DesktopScreenshot12,111,相対パス (またはパートナー センターにあるファイルへの URL),,,,,,,,,,,,
DesktopScreenshot13,112,相対パス (またはパートナー センターにあるファイルへの URL),,,,,,,,,,,,
DesktopScreenshot14,113,相対パス (またはパートナー センターにあるファイルへの URL),,,,,,,,,,,,
DesktopScreenshot15,114,相対パス (またはパートナー センターにあるファイルへの URL),,,,,,,,,,,,
DesktopScreenshot16,115,相対パス (またはパートナー センターにあるファイルへの URL),,,,,,,,,,,,
DesktopScreenshot17,116,相対パス (またはパートナー センターにあるファイルへの URL),,,,,,,,,,,,
DesktopScreenshot18,117,相対パス (またはパートナー センターにあるファイルへの URL),,,,,,,,,,,,
DesktopScreenshot19,118,相対パス (またはパートナー センターにあるファイルへの URL),,,,,,,,,,,,
DesktopScreenshot20,119,相対パス (またはパートナー センターにあるファイルへの URL),,,,,,,,,,,,
DesktopScreenshot21,120,相対パス (またはパートナー センターにあるファイルへの URL),,,,,,,,,,,,
DesktopScreenshot22,121,相対パス (またはパートナー センターにあるファイルへの URL),,,,,,,,,,,,
DesktopScreenshot23,122,相対パス (またはパートナー センターにあるファイルへの URL),,,,,,,,,,,,
DesktopScreenshot24,123,相対パス (またはパートナー センターにあるファイルへの URL),,,,,,,,,,,,
DesktopScreenshot25,124,相対パス (またはパートナー センターにあるファイルへの URL),,,,,,,,,,,,
DesktopScreenshot26,125,相対パス (またはパートナー センターにあるファイルへの URL),,,,,,,,,,,,
DesktopScreenshot27,126,相対パス (またはパートナー センターにあるファイルへの URL),,,,,,,,,,,,
DesktopScreenshot28,127,相対パス (またはパートナー センターにあるファイルへの URL),,,,,,,,,,,,
DesktopScreenshot29,128,相対パス (またはパートナー センターにあるファイルへの URL),,,,,,,,,,,,
DesktopScreenshot30,129,相対パス (またはパートナー センターにあるファイルへの URL),,,,,,,,,,,,
DesktopScreenshotCaption1,150,テキスト,,,,,,,,,,,,
DesktopScreenshotCaption2,151,テキスト,,,,,,,,,,,,
DesktopScreenshotCaption3,152,テキスト,,,,,,,,,,,,
DesktopScreenshotCaption4,153,テキスト,,,,,,,,,,,,
DesktopScreenshotCaption5,154,テキスト,,,,,,,,,,,,
DesktopScreenshotCaption6,155,テキスト,,,,,,,,,,,,
DesktopScreenshotCaption7,156,テキスト,,,,,,,,,,,,
DesktopScreenshotCaption8,157,テキスト,,,,,,,,,,,,
DesktopScreenshotCaption9,158,テキスト,,,,,,,,,,,,
DesktopScreenshotCaption10,159,テキスト,,,,,,,,,,,,
DesktopScreenshotCaption11,160,テキスト,,,,,,,,,,,,
DesktopScreenshotCaption12,161,テキスト,,,,,,,,,,,,
DesktopScreenshotCaption13,162,テキスト,,,,,,,,,,,,
DesktopScreenshotCaption14,163,テキスト,,,,,,,,,,,,
DesktopScreenshotCaption15,164,テキスト,,,,,,,,,,,,
DesktopScreenshotCaption16,165,テキスト,,,,,,,,,,,,
DesktopScreenshotCaption17,166,テキスト,,,,,,,,,,,,
DesktopScreenshotCaption18,167,テキスト,,,,,,,,,,,,
DesktopScreenshotCaption19,168,テキスト,,,,,,,,,,,,
DesktopScreenshotCaption20,169,テキスト,,,,,,,,,,,,
DesktopScreenshotCaption21,170,テキスト,,,,,,,,,,,,
DesktopScreenshotCaption22,171,テキスト,,,,,,,,,,,,
DesktopScreenshotCaption23,172,テキスト,,,,,,,,,,,,
DesktopScreenshotCaption24,173,テキスト,,,,,,,,,,,,
DesktopScreenshotCaption25,174,テキスト,,,,,,,,,,,,
DesktopScreenshotCaption26,175,テキスト,,,,,,,,,,,,
DesktopScreenshotCaption27,176,テキスト,,,,,,,,,,,,
DesktopScreenshotCaption28,177,テキスト,,,,,,,,,,,,
DesktopScreenshotCaption29,178,テキスト,,,,,,,,,,,,
DesktopScreenshotCaption30,179,テキスト,,,,,,,,,,,,
MobileScreenshot1,200,相対パス (またはパートナー センターにあるファイルへの URL),,,,,,,,,,,,
MobileScreenshot2,201,相対パス (またはパートナー センターにあるファイルへの URL),,,,,,,,,,,,
MobileScreenshot3,202,相対パス (またはパートナー センターにあるファイルへの URL),,,,,,,,,,,,
MobileScreenshot4,203,相対パス (またはパートナー センターにあるファイルへの URL),,,,,,,,,,,,
MobileScreenshot5,204,相対パス (またはパートナー センターにあるファイルへの URL),,,,,,,,,,,,
MobileScreenshot6,205,相対パス (またはパートナー センターにあるファイルへの URL),,,,,,,,,,,,
MobileScreenshot7,206,相対パス (またはパートナー センターにあるファイルへの URL),,,,,,,,,,,,
MobileScreenshot8,207,相対パス (またはパートナー センターにあるファイルへの URL),,,,,,,,,,,,
MobileScreenshot9,208,相対パス (またはパートナー センターにあるファイルへの URL),,,,,,,,,,,,
MobileScreenshot10,209,相対パス (またはパートナー センターにあるファイルへの URL),,,,,,,,,,,,
MobileScreenshot11,210,相対パス (またはパートナー センターにあるファイルへの URL),,,,,,,,,,,,
MobileScreenshot12,211,相対パス (またはパートナー センターにあるファイルへの URL),,,,,,,,,,,,
MobileScreenshot13,212,相対パス (またはパートナー センターにあるファイルへの URL),,,,,,,,,,,,
MobileScreenshot14,213,相対パス (またはパートナー センターにあるファイルへの URL),,,,,,,,,,,,
MobileScreenshot15,214,相対パス (またはパートナー センターにあるファイルへの URL),,,,,,,,,,,,
MobileScreenshot16,215,相対パス (またはパートナー センターにあるファイルへの URL),,,,,,,,,,,,
MobileScreenshot17,216,相対パス (またはパートナー センターにあるファイルへの URL),,,,,,,,,,,,
MobileScreenshot18,217,相対パス (またはパートナー センターにあるファイルへの URL),,,,,,,,,,,,
MobileScreenshot19,218,相対パス (またはパートナー センターにあるファイルへの URL),,,,,,,,,,,,
MobileScreenshot20,219,相対パス (またはパートナー センターにあるファイルへの URL),,,,,,,,,,,,
MobileScreenshot21,220,相対パス (またはパートナー センターにあるファイルへの URL),,,,,,,,,,,,
MobileScreenshot22,221,相対パス (またはパートナー センターにあるファイルへの URL),,,,,,,,,,,,
MobileScreenshot23,222,相対パス (またはパートナー センターにあるファイルへの URL),,,,,,,,,,,,
MobileScreenshot24,223,相対パス (またはパートナー センターにあるファイルへの URL),,,,,,,,,,,,
MobileScreenshot25,224,相対パス (またはパートナー センターにあるファイルへの URL),,,,,,,,,,,,
MobileScreenshot26,225,相対パス (またはパートナー センターにあるファイルへの URL),,,,,,,,,,,,
MobileScreenshot27,226,相対パス (またはパートナー センターにあるファイルへの URL),,,,,,,,,,,,
MobileScreenshot28,227,相対パス (またはパートナー センターにあるファイルへの URL),,,,,,,,,,,,
MobileScreenshot29,228,相対パス (またはパートナー センターにあるファイルへの URL),,,,,,,,,,,,
MobileScreenshot30,229,相対パス (またはパートナー センターにあるファイルへの URL),,,,,,,,,,,,
MobileScreenshotCaption1,250,テキスト,,,,,,,,,,,,
MobileScreenshotCaption2,251,テキスト,,,,,,,,,,,,
MobileScreenshotCaption3,252,テキスト,,,,,,,,,,,,
MobileScreenshotCaption4,253,テキスト,,,,,,,,,,,,
MobileScreenshotCaption5,254,テキスト,,,,,,,,,,,,
MobileScreenshotCaption6,255,テキスト,,,,,,,,,,,,
MobileScreenshotCaption7,256,テキスト,,,,,,,,,,,,
MobileScreenshotCaption8,257,テキスト,,,,,,,,,,,,
MobileScreenshotCaption9,258,テキスト,,,,,,,,,,,,
MobileScreenshotCaption10,259,テキスト,,,,,,,,,,,,
MobileScreenshotCaption11,260,テキスト,,,,,,,,,,,,
MobileScreenshotCaption12,261,テキスト,,,,,,,,,,,,
MobileScreenshotCaption13,262,テキスト,,,,,,,,,,,,
MobileScreenshotCaption14,263,テキスト,,,,,,,,,,,,
MobileScreenshotCaption15,264,テキスト,,,,,,,,,,,,
MobileScreenshotCaption16,265,テキスト,,,,,,,,,,,,
MobileScreenshotCaption17,266,テキスト,,,,,,,,,,,,
MobileScreenshotCaption18,267,テキスト,,,,,,,,,,,,
MobileScreenshotCaption19,268,テキスト,,,,,,,,,,,,
MobileScreenshotCaption20,269,テキスト,,,,,,,,,,,,
MobileScreenshotCaption21,270,テキスト,,,,,,,,,,,,
MobileScreenshotCaption22,271,テキスト,,,,,,,,,,,,
MobileScreenshotCaption23,272,テキスト,,,,,,,,,,,,
MobileScreenshotCaption24,273,テキスト,,,,,,,,,,,,
MobileScreenshotCaption25,274,テキスト,,,,,,,,,,,,
MobileScreenshotCaption26,275,テキスト,,,,,,,,,,,,
MobileScreenshotCaption27,276,テキスト,,,,,,,,,,,,
MobileScreenshotCaption28,277,テキスト,,,,,,,,,,,,
MobileScreenshotCaption29,278,テキスト,,,,,,,,,,,,
MobileScreenshotCaption30,279,テキスト,,,,,,,,,,,,
XboxScreenshot1,300,相対パス (またはパートナー センターにあるファイルへの URL),,,,,,,,,,,,
XboxScreenshot2,301,相対パス (またはパートナー センターにあるファイルへの URL),,,,,,,,,,,,
XboxScreenshot3,302,相対パス (またはパートナー センターにあるファイルへの URL),,,,,,,,,,,,
XboxScreenshot4,303,相対パス (またはパートナー センターにあるファイルへの URL),,,,,,,,,,,,
XboxScreenshot5,304,相対パス (またはパートナー センターにあるファイルへの URL),,,,,,,,,,,,
XboxScreenshot6,305,相対パス (またはパートナー センターにあるファイルへの URL),,,,,,,,,,,,
XboxScreenshot7,306,相対パス (またはパートナー センターにあるファイルへの URL),,,,,,,,,,,,
XboxScreenshot8,307,相対パス (またはパートナー センターにあるファイルへの URL),,,,,,,,,,,,
XboxScreenshot9,308,相対パス (またはパートナー センターにあるファイルへの URL),,,,,,,,,,,,
XboxScreenshot10,309,相対パス (またはパートナー センターにあるファイルへの URL),,,,,,,,,,,,
XboxScreenshot11,310,相対パス (またはパートナー センターにあるファイルへの URL),,,,,,,,,,,,
XboxScreenshot12,311,相対パス (またはパートナー センターにあるファイルへの URL),,,,,,,,,,,,
XboxScreenshot13,312,相対パス (またはパートナー センターにあるファイルへの URL),,,,,,,,,,,,
XboxScreenshot14,313,相対パス (またはパートナー センターにあるファイルへの URL),,,,,,,,,,,,
XboxScreenshot15,314,相対パス (またはパートナー センターにあるファイルへの URL),,,,,,,,,,,,
XboxScreenshot16,315,相対パス (またはパートナー センターにあるファイルへの URL),,,,,,,,,,,,
XboxScreenshot17,316,相対パス (またはパートナー センターにあるファイルへの URL),,,,,,,,,,,,
XboxScreenshot18,317,相対パス (またはパートナー センターにあるファイルへの URL),,,,,,,,,,,,
XboxScreenshot19,318,相対パス (またはパートナー センターにあるファイルへの URL),,,,,,,,,,,,
XboxScreenshot20,319,相対パス (またはパートナー センターにあるファイルへの URL),,,,,,,,,,,,
XboxScreenshot21,320,相対パス (またはパートナー センターにあるファイルへの URL),,,,,,,,,,,,
XboxScreenshot22,321,相対パス (またはパートナー センターにあるファイルへの URL),,,,,,,,,,,,
XboxScreenshot23,322,相対パス (またはパートナー センターにあるファイルへの URL),,,,,,,,,,,,
XboxScreenshot24,323,相対パス (またはパートナー センターにあるファイルへの URL),,,,,,,,,,,,
XboxScreenshot25,324,相対パス (またはパートナー センターにあるファイルへの URL),,,,,,,,,,,,
XboxScreenshot26,325,相対パス (またはパートナー センターにあるファイルへの URL),,,,,,,,,,,,
XboxScreenshot27,326,相対パス (またはパートナー センターにあるファイルへの URL),,,,,,,,,,,,
XboxScreenshot28,327,相対パス (またはパートナー センターにあるファイルへの URL),,,,,,,,,,,,
XboxScreenshot29,328,相対パス (またはパートナー センターにあるファイルへの URL),,,,,,,,,,,,
XboxScreenshot30,329,相対パス (またはパートナー センターにあるファイルへの URL),,,,,,,,,,,,
XboxScreenshotCaption1,350,テキスト,,,,,,,,,,,,
XboxScreenshotCaption2,351,テキスト,,,,,,,,,,,,
XboxScreenshotCaption3,352,テキスト,,,,,,,,,,,,
XboxScreenshotCaption4,353,テキスト,,,,,,,,,,,,
XboxScreenshotCaption5,354,テキスト,,,,,,,,,,,,
XboxScreenshotCaption6,355,テキスト,,,,,,,,,,,,
XboxScreenshotCaption7,356,テキスト,,,,,,,,,,,,
XboxScreenshotCaption8,357,テキスト,,,,,,,,,,,,
XboxScreenshotCaption9,358,テキスト,,,,,,,,,,,,
XboxScreenshotCaption10,359,テキスト,,,,,,,,,,,,
XboxScreenshotCaption11,360,テキスト,,,,,,,,,,,,
XboxScreenshotCaption12,361,テキスト,,,,,,,,,,,,
XboxScreenshotCaption13,362,テキスト,,,,,,,,,,,,
XboxScreenshotCaption14,363,テキスト,,,,,,,,,,,,
XboxScreenshotCaption15,364,テキスト,,,,,,,,,,,,
XboxScreenshotCaption16,365,テキスト,,,,,,,,,,,,
XboxScreenshotCaption17,366,テキスト,,,,,,,,,,,,
XboxScreenshotCaption18,367,テキスト,,,,,,,,,,,,
XboxScreenshotCaption19,368,テキスト,,,,,,,,,,,,
XboxScreenshotCaption20,369,テキスト,,,,,,,,,,,,
XboxScreenshotCaption21,370,テキスト,,,,,,,,,,,,
XboxScreenshotCaption22,371,テキスト,,,,,,,,,,,,
XboxScreenshotCaption23,372,テキスト,,,,,,,,,,,,
XboxScreenshotCaption24,373,テキスト,,,,,,,,,,,,
XboxScreenshotCaption25,374,テキスト,,,,,,,,,,,,
XboxScreenshotCaption26,375,テキスト,,,,,,,,,,,,
XboxScreenshotCaption27,376,テキスト,,,,,,,,,,,,
XboxScreenshotCaption28,377,テキスト,,,,,,,,,,,,
XboxScreenshotCaption29,378,テキスト,,,,,,,,,,,,
XboxScreenshotCaption30,379,テキスト,,,,,,,,,,,,
HolographicScreenshot1,400,相対パス (またはパートナー センターにあるファイルへの URL),,,,,,,,,,,,
HolographicScreenshot2,401,相対パス (またはパートナー センターにあるファイルへの URL),,,,,,,,,,,,
HolographicScreenshot3,402,相対パス (またはパートナー センターにあるファイルへの URL),,,,,,,,,,,,
HolographicScreenshot4,403,相対パス (またはパートナー センターにあるファイルへの URL),,,,,,,,,,,,
HolographicScreenshot5,404,相対パス (またはパートナー センターにあるファイルへの URL),,,,,,,,,,,,
HolographicScreenshot6,405,相対パス (またはパートナー センターにあるファイルへの URL),,,,,,,,,,,,
HolographicScreenshot7,406,相対パス (またはパートナー センターにあるファイルへの URL),,,,,,,,,,,,
HolographicScreenshot8,407,相対パス (またはパートナー センターにあるファイルへの URL),,,,,,,,,,,,
HolographicScreenshot9,408,相対パス (またはパートナー センターにあるファイルへの URL),,,,,,,,,,,,
HolographicScreenshot10,409,相対パス (またはパートナー センターにあるファイルへの URL),,,,,,,,,,,,
HolographicScreenshot11,410,相対パス (またはパートナー センターにあるファイルへの URL),,,,,,,,,,,,
HolographicScreenshot12,411,相対パス (またはパートナー センターにあるファイルへの URL),,,,,,,,,,,,
HolographicScreenshot13,412,相対パス (またはパートナー センターにあるファイルへの URL),,,,,,,,,,,,
HolographicScreenshot14,413,相対パス (またはパートナー センターにあるファイルへの URL),,,,,,,,,,,,
HolographicScreenshot15,414,相対パス (またはパートナー センターにあるファイルへの URL),,,,,,,,,,,,
HolographicScreenshot16,415,相対パス (またはパートナー センターにあるファイルへの URL),,,,,,,,,,,,
HolographicScreenshot17,416,相対パス (またはパートナー センターにあるファイルへの URL),,,,,,,,,,,,
HolographicScreenshot18,417,相対パス (またはパートナー センターにあるファイルへの URL),,,,,,,,,,,,
HolographicScreenshot19,418,相対パス (またはパートナー センターにあるファイルへの URL),,,,,,,,,,,,
HolographicScreenshot20,419,相対パス (またはパートナー センターにあるファイルへの URL),,,,,,,,,,,,
HolographicScreenshot21,420,相対パス (またはパートナー センターにあるファイルへの URL),,,,,,,,,,,,
HolographicScreenshot22,421,相対パス (またはパートナー センターにあるファイルへの URL),,,,,,,,,,,,
HolographicScreenshot23,422,相対パス (またはパートナー センターにあるファイルへの URL),,,,,,,,,,,,
HolographicScreenshot24,423,相対パス (またはパートナー センターにあるファイルへの URL),,,,,,,,,,,,
HolographicScreenshot25,424,相対パス (またはパートナー センターにあるファイルへの URL),,,,,,,,,,,,
HolographicScreenshot26,425,相対パス (またはパートナー センターにあるファイルへの URL),,,,,,,,,,,,
HolographicScreenshot27,426,相対パス (またはパートナー センターにあるファイルへの URL),,,,,,,,,,,,
HolographicScreenshot28,427,相対パス (またはパートナー センターにあるファイルへの URL),,,,,,,,,,,,
HolographicScreenshot29,428,相対パス (またはパートナー センターにあるファイルへの URL),,,,,,,,,,,,
HolographicScreenshot30,429,相対パス (またはパートナー センターにあるファイルへの URL),,,,,,,,,,,,
HolographicScreenshotCaption1,450,テキスト,,,,,,,,,,,,
HolographicScreenshotCaption2,451,テキスト,,,,,,,,,,,,
HolographicScreenshotCaption3,452,テキスト,,,,,,,,,,,,
HolographicScreenshotCaption4,453,テキスト,,,,,,,,,,,,
HolographicScreenshotCaption5,454,テキスト,,,,,,,,,,,,
HolographicScreenshotCaption6,455,テキスト,,,,,,,,,,,,
HolographicScreenshotCaption7,456,テキスト,,,,,,,,,,,,
HolographicScreenshotCaption8,457,テキスト,,,,,,,,,,,,
HolographicScreenshotCaption9,458,テキスト,,,,,,,,,,,,
HolographicScreenshotCaption10,459,テキスト,,,,,,,,,,,,
HolographicScreenshotCaption11,460,テキスト,,,,,,,,,,,,
HolographicScreenshotCaption12,461,テキスト,,,,,,,,,,,,
HolographicScreenshotCaption13,462,テキスト,,,,,,,,,,,,
HolographicScreenshotCaption14,463,テキスト,,,,,,,,,,,,
HolographicScreenshotCaption15,464,テキスト,,,,,,,,,,,,
HolographicScreenshotCaption16,465,テキスト,,,,,,,,,,,,
HolographicScreenshotCaption17,466,テキスト,,,,,,,,,,,,
HolographicScreenshotCaption18,467,テキスト,,,,,,,,,,,,
HolographicScreenshotCaption19,468,テキスト,,,,,,,,,,,,
HolographicScreenshotCaption20,469,テキスト,,,,,,,,,,,,
HolographicScreenshotCaption21,470,テキスト,,,,,,,,,,,,
HolographicScreenshotCaption22,471,テキスト,,,,,,,,,,,,
HolographicScreenshotCaption23,472,テキスト,,,,,,,,,,,,
HolographicScreenshotCaption24,473,テキスト,,,,,,,,,,,,
HolographicScreenshotCaption25,474,テキスト,,,,,,,,,,,,
HolographicScreenshotCaption26,475,テキスト,,,,,,,,,,,,
HolographicScreenshotCaption27,476,テキスト,,,,,,,,,,,,
HolographicScreenshotCaption28,477,テキスト,,,,,,,,,,,,
HolographicScreenshotCaption29,478,テキスト,,,,,,,,,,,,
HolographicScreenshotCaption30,479,テキスト,,,,,,,,,,,,
SurfaceHubScreenshot11,510,相対パス (またはパートナー センターにあるファイルへの URL),,,,,,,,,,,,
SurfaceHubScreenshot12,511,相対パス (またはパートナー センターにあるファイルへの URL),,,,,,,,,,,,
SurfaceHubScreenshot13,512,相対パス (またはパートナー センターにあるファイルへの URL),,,,,,,,,,,,
SurfaceHubScreenshot14,513,相対パス (またはパートナー センターにあるファイルへの URL),,,,,,,,,,,,
SurfaceHubScreenshot15,514,相対パス (またはパートナー センターにあるファイルへの URL),,,,,,,,,,,,
SurfaceHubScreenshot16,515,相対パス (またはパートナー センターにあるファイルへの URL),,,,,,,,,,,,
SurfaceHubScreenshot17,516,相対パス (またはパートナー センターにあるファイルへの URL),,,,,,,,,,,,
SurfaceHubScreenshot18,517,相対パス (またはパートナー センターにあるファイルへの URL),,,,,,,,,,,,
SurfaceHubScreenshot19,518,相対パス (またはパートナー センターにあるファイルへの URL),,,,,,,,,,,,
SurfaceHubScreenshot20,519,相対パス (またはパートナー センターにあるファイルへの URL),,,,,,,,,,,,
SurfaceHubScreenshot21,520,相対パス (またはパートナー センターにあるファイルへの URL),,,,,,,,,,,,
SurfaceHubScreenshot22,521,相対パス (またはパートナー センターにあるファイルへの URL),,,,,,,,,,,,
SurfaceHubScreenshot23,522,相対パス (またはパートナー センターにあるファイルへの URL),,,,,,,,,,,,
SurfaceHubScreenshot24,523,相対パス (またはパートナー センターにあるファイルへの URL),,,,,,,,,,,,
SurfaceHubScreenshot25,524,相対パス (またはパートナー センターにあるファイルへの URL),,,,,,,,,,,,
SurfaceHubScreenshot26,525,相対パス (またはパートナー センターにあるファイルへの URL),,,,,,,,,,,,
SurfaceHubScreenshot27,526,相対パス (またはパートナー センターにあるファイルへの URL),,,,,,,,,,,,
SurfaceHubScreenshot28,527,相対パス (またはパートナー センターにあるファイルへの URL),,,,,,,,,,,,
SurfaceHubScreenshot29,528,相対パス (またはパートナー センターにあるファイルへの URL),,,,,,,,,,,,
SurfaceHubScreenshot30,529,相対パス (またはパートナー センターにあるファイルへの URL),,,,,,,,,,,,
SurfaceHubScreenshotCaption11,560,テキスト,,,,,,,,,,,,
SurfaceHubScreenshotCaption12,561,テキスト,,,,,,,,,,,,
SurfaceHubScreenshotCaption13,562,テキスト,,,,,,,,,,,,
SurfaceHubScreenshotCaption14,563,テキスト,,,,,,,,,,,,
SurfaceHubScreenshotCaption15,564,テキスト,,,,,,,,,,,,
SurfaceHubScreenshotCaption16,565,テキスト,,,,,,,,,,,,
SurfaceHubScreenshotCaption17,566,テキスト,,,,,,,,,,,,
SurfaceHubScreenshotCaption18,567,テキスト,,,,,,,,,,,,
SurfaceHubScreenshotCaption19,568,テキスト,,,,,,,,,,,,
SurfaceHubScreenshotCaption20,569,テキスト,,,,,,,,,,,,
SurfaceHubScreenshotCaption21,570,テキスト,,,,,,,,,,,,
SurfaceHubScreenshotCaption22,571,テキスト,,,,,,,,,,,,
SurfaceHubScreenshotCaption23,572,テキスト,,,,,,,,,,,,
SurfaceHubScreenshotCaption24,573,テキスト,,,,,,,,,,,,
SurfaceHubScreenshotCaption25,574,テキスト,,,,,,,,,,,,
SurfaceHubScreenshotCaption26,575,テキスト,,,,,,,,,,,,
SurfaceHubScreenshotCaption27,576,テキスト,,,,,,,,,,,,
SurfaceHubScreenshotCaption28,577,テキスト,,,,,,,,,,,,
SurfaceHubScreenshotCaption29,578,テキスト,,,,,,,,,,,,
SurfaceHubScreenshotCaption30,579,テキスト,,,,,,,,,,,,
StoreLogo720x1080,600,相対パス (またはパートナー センターにあるファイルへの URL),,,,,,,,,,,,
StoreLogo1080x1080,601,相対パス (またはパートナー センターにあるファイルへの URL),,https://developer.microsoft.com/en-us/dashboard/apps/9PJD2FDZQXM3/submissions/1152921505699903160/listings/1152922700022069162/listingassets/3032562801126043870,https://developer.microsoft.com/en-us/dashboard/apps/9PJD2FDZQXM3/submissions/1152921505699903160/listings/1152922700022069164/listingassets/3032562801126043870,https://developer.microsoft.com/en-us/dashboard/apps/9PJD2FDZQXM3/submissions/1152921505699903160/listings/1152922700022069166/listingassets/3032562801126043870,https://developer.microsoft.com/en-us/dashboard/apps/9PJD2FDZQXM3/submissions/1152921505699903160/listings/1152922700022069168/listingassets/3032562801126043870,https://developer.microsoft.com/en-us/dashboard/apps/9PJD2FDZQXM3/submissions/1152921505699903160/listings/1152922700022069170/listingassets/3032562801126043870,https://developer.microsoft.com/en-us/dashboard/apps/9PJD2FDZQXM3/submissions/1152921505699903160/listings/1152922700022069172/listingassets/3032562801126043870,https://developer.microsoft.com/en-us/dashboard/apps/9PJD2FDZQXM3/submissions/1152921505699903160/listings/1152922700022069174/listingassets/3032562801126043870,https://developer.microsoft.com/en-us/dashboard/apps/9PJD2FDZQXM3/submissions/1152921505699903160/listings/1152922700022069162/listingassets/3032562801126043870,https://developer.microsoft.com/en-us/dashboard/apps/9PJD2FDZQXM3/submissions/1152921505699903160/listings/1152922700022069162/listingassets/3032562801126043870,https://developer.microsoft.com/en-us/dashboard/apps/9PJD2FDZQXM3/submissions/1152921505699903160/listings/1152922700022069162/listingassets/3032562801126043870,https://developer.microsoft.com/en-us/dashboard/apps/9PJD2FDZQXM3/submissions/1152921505699903160/listings/1152922700022069162/listingassets/3032562801126043870
StoreLogo300x300,602,相対パス (またはパートナー センターにあるファイルへの URL),,,,,,,,,,,,
OverrideLogosForWin10,603,True/False,,False,False,False,False,False,False,False,False,False,False,False
StoreLogoOverride150x150,604,相対パス (またはパートナー センターにあるファイルへの URL),,,,,,,,,,,,
StoreLogoOverride71x71,605,相対パス (またはパートナー センターにあるファイルへの URL),,,,,,,,,,,,
PromoImage1920x1080,606,相対パス (またはパートナー センターにあるファイルへの URL),,,,,,,,,,,,
PromoImage2400x1200,607,相対パス (またはパートナー センターにあるファイルへの URL),,,,,,,,,,,,
XboxBrandedKeyArt584x800,608,相対パス (またはパートナー センターにあるファイルへの URL),,,,,,,,,,,,
XboxTitledHero1920x1080,609,相対パス (またはパートナー センターにあるファイルへの URL),,,,,,,,,,,,
XboxFeaturedPromo1080x1080,610,相対パス (またはパートナー センターにあるファイルへの URL),,,,,,,,,,,,
OptionalPromo358x358,611,相対パス (またはパートナー センターにあるファイルへの URL),,,,,,,,,,,,
OptionalPromo1000x800,612,相対パス (またはパートナー センターにあるファイルへの URL),,,,,,,,,,,,
OptionalPromo414x180,613,相対パス (またはパートナー センターにあるファイルへの URL),,,,,,,,,,,,
Feature1,700,テキスト,,対象ウィンドウを指定するだけのかんたん翻訳開始,Easy translation start by simply specifying the target window.,Einfache Übersetzung durch Auswahl des Ziel-Fensters.,대상 창을 지정하기만 하면 간편하게 번역 시작.,Dễ dàng bắt đầu dịch chỉ bằng cách chọn cửa sổ mục tiêu.,只需指定目标窗口即可轻松开始翻译。,只需指定目標視窗即可輕鬆開始翻譯。,लक्ष्य विंडो निर्दिष्ट करके आसान अनुवाद प्रारंभ करें,Mula terjemahan mudah hanya dengan menentukan tetingkap sasaran.,Mulai terjemahan mudah hanya dengan menentukan jendela target.,Comece a tradução facilmente apenas especificando a janela alvo.
Feature2,701,テキスト,,訳文をゲーム／アプリ画面に重ねるオーバーレイ表示,Overlay translation on game/app screen.,Übersetzung als Overlay auf dem Spiel-/App-Bildschirm.,게임/앱 화면에 번역문 오버레이 표시.,Hiển thị bản dịch dưới dạng lớp phủ trên màn hình trò chơi/ứng dụng.,将译文叠加显示在游戏/应用屏幕上。,將譯文疊加顯示於遊戲/應用螢幕。,गेम/ऐप स्क्रीन पर अनुवाद ओवरले प्रदर्शन,Paparan hamparan terjemahan pada skrin permainan/aplikasi.,Tampilan overlay terjemahan pada layar game/aplikasi.,Exibição sobreposta de tradução na tela do jogo/aplicativo.
Feature3,702,テキスト,,DeepL・Gemini など複数エンジンを選択可能,"Multiple engines available: DeepL, Gemini, etc.","Mehrere Engines verfügbar: DeepL, Gemini usw.","DeepL, Gemini 등 다양한 엔진 선택 가능.","Có thể chọn nhiều công cụ dịch: DeepL, Gemini, v.v.",可选择多种引擎：DeepL、Gemini 等。,可選多種引擎：DeepL、Gemini 等。,"DeepL, Gemini आदि कई इंजन से चयन करें","Pelbagai enjin tersedia: DeepL, Gemini, dll.","Beberapa mesin tersedia: DeepL, Gemini, dll.","Vários mecanismos disponíveis: DeepL, Gemini, etc."
Feature4,703,テキスト,,ホットキー操作,Hotkey operation.,Hotkey-Bedienung.,핫키 조작.,Thao tác bằng phím tắt.,热键操作。,熱鍵操作。,हॉटकी संचालन,Operasi kekunci panas.,Operasi hotkey.,Operação por teclas de atalho.
Feature5,704,テキスト,,,,,,,,,,,,
Feature6,705,テキスト,,,,,,,,,,,,
Feature7,706,テキスト,,,,,,,,,,,,
Feature8,707,テキスト,,,,,,,,,,,,
Feature9,708,テキスト,,,,,,,,,,,,
Feature10,709,テキスト,,,,,,,,,,,,
Feature11,710,テキスト,,,,,,,,,,,,
Feature12,711,テキスト,,,,,,,,,,,,
Feature13,712,テキスト,,,,,,,,,,,,
Feature14,713,テキスト,,,,,,,,,,,,
Feature15,714,テキスト,,,,,,,,,,,,
Feature16,715,テキスト,,,,,,,,,,,,
Feature17,716,テキスト,,,,,,,,,,,,
Feature18,717,テキスト,,,,,,,,,,,,
Feature19,718,テキスト,,,,,,,,,,,,
Feature20,719,テキスト,,,,,,,,,,,,
MinimumHardwareReq1,800,テキスト,,,,,,,,,,,,
MinimumHardwareReq2,801,テキスト,,,,,,,,,,,,
MinimumHardwareReq3,802,テキスト,,,,,,,,,,,,
MinimumHardwareReq4,803,テキスト,,,,,,,,,,,,
MinimumHardwareReq5,804,テキスト,,,,,,,,,,,,
MinimumHardwareReq6,805,テキスト,,,,,,,,,,,,
MinimumHardwareReq7,806,テキスト,,,,,,,,,,,,
MinimumHardwareReq8,807,テキスト,,,,,,,,,,,,
MinimumHardwareReq9,808,テキスト,,,,,,,,,,,,
MinimumHardwareReq10,809,テキスト,,,,,,,,,,,,
MinimumHardwareReq11,810,テキスト,,,,,,,,,,,,
RecommendedHardwareReq1,850,テキスト,,,,,,,,,,,,
RecommendedHardwareReq2,851,テキスト,,,,,,,,,,,,
RecommendedHardwareReq3,852,テキスト,,,,,,,,,,,,
RecommendedHardwareReq4,853,テキスト,,,,,,,,,,,,
RecommendedHardwareReq5,854,テキスト,,,,,,,,,,,,
RecommendedHardwareReq6,855,テキスト,,,,,,,,,,,,
RecommendedHardwareReq7,856,テキスト,,,,,,,,,,,,
RecommendedHardwareReq8,857,テキスト,,,,,,,,,,,,
RecommendedHardwareReq9,858,テキスト,,,,,,,,,,,,
RecommendedHardwareReq10,859,テキスト,,,,,,,,,,,,
RecommendedHardwareReq11,860,テキスト,,,,,,,,,,,,
SearchTerm1,900,テキスト,,翻訳ツール,Translation tool,Übersetzungswerkzeug,번역 도구,Công cụ dịch,翻译工具,翻譯工具,अनुवाद उपकरण,Alat terjemahan,Alat terjemahan,Ferramenta de tradução
SearchTerm2,901,テキスト,,ウィンドウ翻訳,Window translation,Fensterübersetzung,윈도우 번역,Dịch cửa sổ,窗口翻译,視窗翻譯,विंडो अनुवाद,Terjemahan tetingkap,Terjemahan jendela,Tradução de janelas
SearchTerm3,902,テキスト,,PC向け翻訳ソフト,PC translation software,PC-Übersetzungssoftware,PC용 번역 소프트웨어,Phần mềm dịch cho PC,PC翻译软件,PC翻譯軟體,PC अनुवाद सॉफ्टवेयर,Perisian terjemahan PC,Perangkat lunak terjemahan PC,Software de tradução para PC
SearchTerm4,903,テキスト,,画面テキスト翻訳,Screen text translation,Bildschirmtextübersetzung,화면 텍스트 번역,Dịch văn bản màn hình,屏幕文本翻译,螢幕文字翻譯,स्क्रीन टेक्स्ट अनुवाद,Terjemahan teks skrin,Terjemahan teks layar,Tradução de texto na tela
SearchTerm5,904,テキスト,,ゲーム翻訳ツール,Game translation tool,Spielübersetzungstool,게임 번역 도구,Công cụ dịch game,游戏翻译工具,遊戲翻譯工具,गेम अनुवाद उपकरण,Alat terjemahan permainan,Alat terjemahan game,Ferramenta de tradução de jogos
SearchTerm6,905,テキスト,,アプリ画面翻訳,App screen translation,App-Bildschirmübersetzung,앱 화면 번역,Dịch màn hình ứng dụng,应用屏幕翻译,應用程式螢幕翻譯,ऐप स्क्रीन अनुवाद,Terjemahan skrin aplikasi,Terjemahan layar aplikasi,Tradução de tela de aplicativo
SearchTerm7,906,テキスト,,OCR連携翻訳ツール,OCR integrated translation tool,OCR-Übersetzungstool,OCR 연동 번역 도구,Công cụ dịch tích hợp OCR,OCR集成翻译工具,OCR整合翻譯工具,OCR एकीकृत अनुवाद उपकरण,Alat terjemahan bersepadu OCR,Alat terjemahan terintegrasi OCR,Ferramenta de tradução integrada com OCR
TrailerToPlayAtTopOfListing,999,相対パス (またはパートナー センターにあるファイルへの URL),,,,,,,,,,,,
Trailer1,1000,相対パス (またはパートナー センターにあるファイルへの URL),,https://developer.microsoft.com/en-us/dashboard/apps/9PJD2FDZQXM3/submissions/1152921505699903160/trailers/3066319628284177967,https://developer.microsoft.com/en-us/dashboard/apps/9PJD2FDZQXM3/submissions/1152921505699903160/trailers/3066319628284177967,https://developer.microsoft.com/en-us/dashboard/apps/9PJD2FDZQXM3/submissions/1152921505699903160/trailers/3066319628284177967,https://developer.microsoft.com/en-us/dashboard/apps/9PJD2FDZQXM3/submissions/1152921505699903160/trailers/3066319628284177967,https://developer.microsoft.com/en-us/dashboard/apps/9PJD2FDZQXM3/submissions/1152921505699903160/trailers/3066319628284177967,https://developer.microsoft.com/en-us/dashboard/apps/9PJD2FDZQXM3/submissions/1152921505699903160/trailers/3066319628284177967,https://developer.microsoft.com/en-us/dashboard/apps/9PJD2FDZQXM3/submissions/1152921505699903160/trailers/3066319628284177967,https://developer.microsoft.com/en-us/dashboard/apps/9PJD2FDZQXM3/submissions/1152921505699903160/trailers/3066319628284177967,https://developer.microsoft.com/en-us/dashboard/apps/9PJD2FDZQXM3/submissions/1152921505699903160/trailers/3066319628284177967,https://developer.microsoft.com/en-us/dashboard/apps/9PJD2FDZQXM3/submissions/1152921505699903160/trailers/3066319628284177967,https://developer.microsoft.com/en-us/dashboard/apps/9PJD2FDZQXM3/submissions/1152921505699903160/trailers/3066319628284177967
Trailer2,1001,相対パス (またはパートナー センターにあるファイルへの URL),,,,,,,,,,,,
Trailer3,1002,相対パス (またはパートナー センターにあるファイルへの URL),,,,,,,,,,,,
Trailer4,1003,相対パス (またはパートナー センターにあるファイルへの URL),,,,,,,,,,,,
Trailer5,1004,相対パス (またはパートナー センターにあるファイルへの URL),,,,,,,,,,,,
Trailer6,1005,相対パス (またはパートナー センターにあるファイルへの URL),,,,,,,,,,,,
Trailer7,1006,相対パス (またはパートナー センターにあるファイルへの URL),,,,,,,,,,,,
Trailer8,1007,相対パス (またはパートナー センターにあるファイルへの URL),,,,,,,,,,,,
Trailer9,1008,相対パス (またはパートナー センターにあるファイルへの URL),,,,,,,,,,,,
Trailer10,1009,相対パス (またはパートナー センターにあるファイルへの URL),,,,,,,,,,,,
Trailer11,1010,相対パス (またはパートナー センターにあるファイルへの URL),,,,,,,,,,,,
Trailer12,1011,相対パス (またはパートナー センターにあるファイルへの URL),,,,,,,,,,,,
Trailer13,1012,相対パス (またはパートナー センターにあるファイルへの URL),,,,,,,,,,,,
Trailer14,1013,相対パス (またはパートナー センターにあるファイルへの URL),,,,,,,,,,,,
Trailer15,1014,相対パス (またはパートナー センターにあるファイルへの URL),,,,,,,,,,,,
TrailerTitle1,1020,テキスト,,PCゲームを自動翻訳 WindowTranaslator,Automatically translate PC games with WindowTranslator,PC-Spiele mit Windows Translator automatisch übersetzen,PC 게임 자동 번역 WindowTranaslator,Tự động dịch trò chơi PC WindowTranaslator,PC游戏自动翻译 WindowTranaslator,PC遊戲自動翻譯 WindowTranaslator,PC गेम स्वचालित अनुवाद WindowTranslator,Terjemahkan permainan PC secara automatik dengan WindowTranslator,Terjemahkan game PC secara otomatis dengan WindowTranslator,Tradução automática de jogos de PC com WindowTranslator
TrailerTitle2,1021,テキスト,,,,,,,,,,,,
TrailerTitle3,1022,テキスト,,,,,,,,,,,,
TrailerTitle4,1023,テキスト,,,,,,,,,,,,
TrailerTitle5,1024,テキスト,,,,,,,,,,,,
TrailerTitle6,1025,テキスト,,,,,,,,,,,,
TrailerTitle7,1026,テキスト,,,,,,,,,,,,
TrailerTitle8,1027,テキスト,,,,,,,,,,,,
TrailerTitle9,1028,テキスト,,,,,,,,,,,,
TrailerTitle10,1029,テキスト,,,,,,,,,,,,
TrailerTitle11,1030,テキスト,,,,,,,,,,,,
TrailerTitle12,1031,テキスト,,,,,,,,,,,,
TrailerTitle13,1032,テキスト,,,,,,,,,,,,
TrailerTitle14,1033,テキスト,,,,,,,,,,,,
TrailerTitle15,1034,テキスト,,,,,,,,,,,,
TrailerThumbnail1,1040,相対パス (またはパートナー センターにあるファイルへの URL),,https://developer.microsoft.com/en-us/dashboard/apps/9PJD2FDZQXM3/submissions/1152921505699903160/trailers/1152922700022251430/assets/3046467379904781337,https://developer.microsoft.com/en-us/dashboard/apps/9PJD2FDZQXM3/submissions/1152921505699903160/trailers/1152922700022251430/assets/3046467379904781337,https://developer.microsoft.com/en-us/dashboard/apps/9PJD2FDZQXM3/submissions/1152921505699903160/trailers/1152922700022251430/assets/3046467379904781337,https://developer.microsoft.com/en-us/dashboard/apps/9PJD2FDZQXM3/submissions/1152921505699903160/trailers/1152922700022251430/assets/3046467379904781337,https://developer.microsoft.com/en-us/dashboard/apps/9PJD2FDZQXM3/submissions/1152921505699903160/trailers/1152922700022251430/assets/3046467379904781337,https://developer.microsoft.com/en-us/dashboard/apps/9PJD2FDZQXM3/submissions/1152921505699903160/trailers/1152922700022251430/assets/3046467379904781337,https://developer.microsoft.com/en-us/dashboard/apps/9PJD2FDZQXM3/submissions/1152921505699903160/trailers/1152922700022251430/assets/3046467379904781337,https://developer.microsoft.com/en-us/dashboard/apps/9PJD2FDZQXM3/submissions/1152921505699903160/trailers/1152922700022251430/assets/3046467379904781337,https://developer.microsoft.com/en-us/dashboard/apps/9PJD2FDZQXM3/submissions/1152921505699903160/trailers/1152922700022251430/assets/3046467379904781337,https://developer.microsoft.com/en-us/dashboard/apps/9PJD2FDZQXM3/submissions/1152921505699903160/trailers/1152922700022251430/assets/3046467379904781337,https://developer.microsoft.com/en-us/dashboard/apps/9PJD2FDZQXM3/submissions/1152921505699903160/trailers/1152922700022251430/assets/3046467379904781337
TrailerThumbnail2,1041,相対パス (またはパートナー センターにあるファイルへの URL),,,,,,,,,,,,
TrailerThumbnail3,1042,相対パス (またはパートナー センターにあるファイルへの URL),,,,,,,,,,,,
TrailerThumbnail4,1043,相対パス (またはパートナー センターにあるファイルへの URL),,,,,,,,,,,,
TrailerThumbnail5,1044,相対パス (またはパートナー センターにあるファイルへの URL),,,,,,,,,,,,
TrailerThumbnail6,1045,相対パス (またはパートナー センターにあるファイルへの URL),,,,,,,,,,,,
TrailerThumbnail7,1046,相対パス (またはパートナー センターにあるファイルへの URL),,,,,,,,,,,,
TrailerThumbnail8,1047,相対パス (またはパートナー センターにあるファイルへの URL),,,,,,,,,,,,
TrailerThumbnail9,1048,相対パス (またはパートナー センターにあるファイルへの URL),,,,,,,,,,,,
TrailerThumbnail10,1049,相対パス (またはパートナー センターにあるファイルへの URL),,,,,,,,,,,,
TrailerThumbnail11,1050,相対パス (またはパートナー センターにあるファイルへの URL),,,,,,,,,,,,
TrailerThumbnail12,1051,相対パス (またはパートナー センターにあるファイルへの URL),,,,,,,,,,,,
TrailerThumbnail13,1052,相対パス (またはパートナー センターにあるファイルへの URL),,,,,,,,,,,,
TrailerThumbnail14,1053,相対パス (またはパートナー センターにあるファイルへの URL),,,,,,,,,,,,
TrailerThumbnail15,1054,相対パス (またはパートナー センターにあるファイルへの URL),,,,,,,,,,,,
TrailerClosedCaption1,1055,相対パス (またはパートナー センターにあるファイルへの URL),,,,,,,,,,,,
TrailerClosedCaption2,1056,相対パス (またはパートナー センターにあるファイルへの URL),,,,,,,,,,,,
TrailerClosedCaption3,1057,相対パス (またはパートナー センターにあるファイルへの URL),,,,,,,,,,,,
TrailerClosedCaption4,1058,相対パス (またはパートナー センターにあるファイルへの URL),,,,,,,,,,,,
TrailerClosedCaption5,1059,相対パス (またはパートナー センターにあるファイルへの URL),,,,,,,,,,,,
TrailerClosedCaption6,1060,相対パス (またはパートナー センターにあるファイルへの URL),,,,,,,,,,,,
TrailerClosedCaption7,1061,相対パス (またはパートナー センターにあるファイルへの URL),,,,,,,,,,,,
TrailerClosedCaption8,1062,相対パス (またはパートナー センターにあるファイルへの URL),,,,,,,,,,,,
TrailerClosedCaption9,1063,相対パス (またはパートナー センターにあるファイルへの URL),,,,,,,,,,,,
TrailerClosedCaption10,1064,相対パス (またはパートナー センターにあるファイルへの URL),,,,,,,,,,,,
TrailerClosedCaption11,1065,相対パス (またはパートナー センターにあるファイルへの URL),,,,,,,,,,,,
TrailerClosedCaption12,1066,相対パス (またはパートナー センターにあるファイルへの URL),,,,,,,,,,,,
TrailerClosedCaption13,1067,相対パス (またはパートナー センターにあるファイルへの URL),,,,,,,,,,,,
TrailerClosedCaption14,1068,相対パス (またはパートナー センターにあるファイルへの URL),,,,,,,,,,,,
TrailerClosedCaption15,1069,相対パス (またはパートナー センターにあるファイルへの URL),,,,,,,,,,,,
TrailerAudioDescription1,1070,相対パス (またはパートナー センターにあるファイルへの URL),,,,,,,,,,,,
TrailerAudioDescription2,1071,相対パス (またはパートナー センターにあるファイルへの URL),,,,,,,,,,,,
TrailerAudioDescription3,1072,相対パス (またはパートナー センターにあるファイルへの URL),,,,,,,,,,,,
TrailerAudioDescription4,1073,相対パス (またはパートナー センターにあるファイルへの URL),,,,,,,,,,,,
TrailerAudioDescription5,1074,相対パス (またはパートナー センターにあるファイルへの URL),,,,,,,,,,,,
TrailerAudioDescription6,1075,相対パス (またはパートナー センターにあるファイルへの URL),,,,,,,,,,,,
TrailerAudioDescription7,1076,相対パス (またはパートナー センターにあるファイルへの URL),,,,,,,,,,,,
TrailerAudioDescription8,1077,相対パス (またはパートナー センターにあるファイルへの URL),,,,,,,,,,,,
TrailerAudioDescription9,1078,相対パス (またはパートナー センターにあるファイルへの URL),,,,,,,,,,,,
TrailerAudioDescription10,1079,相対パス (またはパートナー センターにあるファイルへの URL),,,,,,,,,,,,
TrailerAudioDescription11,1080,相対パス (またはパートナー センターにあるファイルへの URL),,,,,,,,,,,,
TrailerAudioDescription12,1081,相対パス (またはパートナー センターにあるファイルへの URL),,,,,,,,,,,,
TrailerAudioDescription13,1082,相対パス (またはパートナー センターにあるファイルへの URL),,,,,,,,,,,,
TrailerAudioDescription14,1083,相対パス (またはパートナー センターにあるファイルへの URL),,,,,,,,,,,,
TrailerAudioDescription15,1084,相対パス (またはパートナー センターにあるファイルへの URL),,,,,,,,,,,,
,,,,,,,,,,,,,,
,,,,,,,,,,,,,,
,,,,,,,,,,,,,,
,,,,,,,,,,,,,,
,,,,,,,,,,,,,,
,,,,,,,,,,,,,,
,,,,,,,,,,,,,,
,,,,,,,,,,,,,,
,,,,,,,,,,,,,,
,,,,,,,,,,,,,,
,,,,,,,,,,,,,,
,,,,,,,,,,,,,,
,,,,,,,,,,,,,,
,,,,,,,,,,,,,,
,,,,,,,,,,,,,,
,,,,,,,,,,,,,,
,,,,,,,,,,,,,,
,,,,,,,,,,,,,,
,,,,,,,,,,,,,,
,,,,,,,,,,,,,,
,,,,,,,,,,,,,,
,,,,,,,,,,,,,,
,,,,,,,,,,,,,,
,,,,,,,,,,,,,,
